source,target,type,weight
_path_,healthpartners-international,downstream,1
aaik,lcd_admin,downstream,1
aaik,vso,downstream,1
aauk,aab,downstream,1
aauk,aac,downstream,1
aauk,aag,downstream,1
aauk,aai,downstream,1
aauk,aaik,downstream,1
aauk,aar,downstream,1
acf,acfspain,downstream,1
ageintl,dec-uk,downstream,1
ageintl,fca,downstream,1
ageintl,helpage_international,downstream,3
akfuk73,akf_afghanistan,downstream,1
amrefnl,amrefeth,downstream,2
amrefnl,amrefhq,downstream,1
amrefnl,amrefkenya,downstream,2
amrefnl,amrefmw,downstream,2
amrefnl,amrefug,downstream,1
amrefnl,awa_sn,downstream,1
amrefnl,cfyas,downstream,1
amrefnl,hai,downstream,2
amrefnl,rutgers,downstream,1
amrefnl,sjg,downstream,1
amrefnl,wemos,downstream,1
appro-eu,appro-af,downstream,1
asil,timidria,downstream,1
bond,sinda,downstream,1
bos_plus_tropen,be-dgd,downstream,1
bothends,aanl,downstream,2
bothends,ccc,downstream,2
bothends,foei,downstream,1
bothends,foenl,downstream,2
bothends,itforchange,downstream,1
bothends,samdhana_institute,downstream,1
bothends,somo,downstream,2
bothends,tni,downstream,2
bpcrs,uoe,downstream,1
britishcouncil,fcdo,downstream,1
britishcouncil,pwc,downstream,1
cbm,fhfuk,downstream,1
childhopeuk,fcdo,downstream,2
childhopeuk,gecfundmanagerpwc,downstream,1
cocnl_publisher,ilgaasia,downstream,1
cocnl_publisher,pai155669,downstream,1
concern_worldwide,cbm,downstream,1
concern_worldwide,cu,downstream,1
concern_worldwide,goal,downstream,2
concern_worldwide,irc_uk,downstream,1
concernuk,concern_worldwide,downstream,72
concernuk,irc_uk,downstream,1
cordaid,carenederland,downstream,2
cordaid,dai,downstream,1
cordaid,icco-cooperation,downstream,5
cordaid,onl,downstream,7
cordaid,plannlno,downstream,5
cordaid,scnl,downstream,4
cordaid,sosnl,downstream,6
cordaid,st_vluchteling,downstream,10
cordaid,tear,downstream,4
cordaid,tlo,downstream,1
cordaid,warchildholland,downstream,4
cordaid,wipc,downstream,1
cordaid,wvnld,downstream,8
cordaid,zoa,downstream,7
cr,cr,downstream,1
crane,bucksfarm,downstream,1
crane,mukisa_foundation,downstream,1
crb-ai_admin,rkiv,downstream,1
creausa-org,ad,downstream,1
creausa-org,iwrawasiapacific,downstream,1
crs,cafod,downstream,1
dai,carenederland,downstream,1
dai,cordaid,downstream,4
dai,minbuza_nl,downstream,1
dai,scnl,downstream,4
dai,st_vluchteling,downstream,1
dai,tear,downstream,1
dai,wvnld,downstream,1
danida,di,downstream,1
ddp,dhrc_nepal,downstream,2
drc,irc_inc,downstream,1
drc,irc_uk,downstream,2
edt_kenya,amurt_kenya,downstream,2
edt_kenya,kesho_kenya,downstream,2
edt_kenya,pgi_kenya,downstream,1
emms,dgmh,downstream,1
emms,mmh,downstream,1
emms,pcst,downstream,1
et-adf-0317,zoa,downstream,1
f2a,world_ywca,downstream,1
fca,ageintl,downstream,1
fcam,bothends,downstream,1
fcam,mamac,downstream,1
fcdo,ciuk,downstream,1
fcdo,dkt_drc,downstream,1
fcdo,fcdo,downstream,3
fcdo,fhi360,downstream,1
fcdo,healthpartners-international,downstream,1
fcdo,ipas,downstream,1
fcdo,ippf,downstream,1
fcdo,irc_inc,downstream,5
fcdo,lcd_admin,downstream,1
fcdo,options,downstream,3
fcdo,pa,downstream,1
fcdo,plan_uk,downstream,1
fcdo,pmc,downstream,1
fcdo,pwc,downstream,1
fcdo,sinda,downstream,1
foenl,foei,downstream,2
foenl,gaia,downstream,1
foenl,iucn_nl,downstream,1
foenl,ntfp-ep,downstream,1
foenl,sdi,downstream,1
foenl,stichtingfern,downstream,1
foenl,tbi,downstream,2
foenl,wecf,downstream,1
fundacion-acceso,minbuza_nl,downstream,1
gecfundmanagerpwc,camfed,downstream,2
gecfundmanagerpwc,childhopeuk,downstream,1
gecfundmanagerpwc,gecfundmanagerpwc,downstream,1
gecfundmanagerpwc,hpa,downstream,1
gecfundmanagerpwc,irc_uk,downstream,1
gecfundmanagerpwc,ke-ngc-3372,downstream,1
gecfundmanagerpwc,lcd_admin,downstream,1
gecfundmanagerpwc,mce,downstream,1
gecfundmanagerpwc,opportunity-international-uk,downstream,1
gecfundmanagerpwc,peas,downstream,1
gecfundmanagerpwc,plan_uk,downstream,1
gecfundmanagerpwc,vso,downstream,2
gecfundmanagerpwc,wusc,downstream,1
goal,irc_inc,downstream,1
hai,twz1,downstream,2
hiil_mfa,minbuza_nl,downstream,1
hiuk,hi_fed,downstream,5
hpa,manniondaniels,downstream,1
inasp,afelt,downstream,1
inasp,udom,downstream,1
inasp,umu,downstream,1
irc,minbuza_nl,downstream,7
irc_inc,bbcmediaaction,downstream,1
irc_inc,concern_worldwide,downstream,3
irc_inc,concernuk,downstream,2
irc_inc,cuamm,downstream,1
irc_inc,goal,downstream,1
irc_inc,irc_uk,downstream,3
irc_inc,mcn,downstream,1
irc_inc,msi,downstream,1
irc_inc,nrc,downstream,2
irc_inc,plan_uk,downstream,1
irc_inc,restless,downstream,2
irc_inc,zoa,downstream,1
irc_uk,concern_worldwide,downstream,2
irc_uk,fcdo,downstream,1
irc_uk,goal,downstream,1
irc_uk,irc_inc,downstream,81
irc_uk,irc_uk,downstream,2
irc_uk,plan_uk,downstream,1
irc_uk,restless,downstream,2
itad,fcdo,downstream,1
jass,cal_2000-pu,downstream,1
jass,genderatwork,downstream,1
jass,pekka_21,downstream,1
lcd_admin,plan_uk,downstream,1
loftf,di,downstream,1
mamac,creausa-org,downstream,1
mamac,jass,downstream,1
manniondaniels,_admin,downstream,1
manniondaniels,aaik,downstream,1
manniondaniels,aar,downstream,1
manniondaniels,aauk,downstream,1
manniondaniels,abaseen,downstream,1
manniondaniels,ablechildafrica,downstream,1
manniondaniels,acaa,downstream,1
manniondaniels,acf,downstream,1
manniondaniels,acord,downstream,1
manniondaniels,act4africa,downstream,1
manniondaniels,addinternational,downstream,1
manniondaniels,adpp,downstream,1
manniondaniels,adrauk,downstream,1
manniondaniels,aet,downstream,1
manniondaniels,afghanaid,downstream,1
manniondaniels,africanrevival,downstream,1
manniondaniels,afrikids,downstream,1
manniondaniels,ai_1064413,downstream,1
manniondaniels,aiuk,downstream,1
manniondaniels,alliance_of_religions_and_conservation,downstream,1
manniondaniels,amrefeth,downstream,1
manniondaniels,amrefha,downstream,1
manniondaniels,apt,downstream,1
manniondaniels,arfh,downstream,1
manniondaniels,ark,downstream,1
manniondaniels,asil,downstream,1
manniondaniels,b_a_t,downstream,1
manniondaniels,baag,downstream,1
manniondaniels,basicneeds,downstream,1
manniondaniels,bauk,downstream,1
manniondaniels,bcm-cf,downstream,1
manniondaniels,beesfordevelopment,downstream,1
manniondaniels,bioclimate,downstream,1
manniondaniels,blueventures,downstream,1
manniondaniels,bracuk,downstream,1
manniondaniels,buildafrica,downstream,1
manniondaniels,bvf,downstream,1
manniondaniels,bvs-nepal,downstream,1
manniondaniels,camfed,downstream,1
manniondaniels,cbm,downstream,2
manniondaniels,cecily,downstream,1
manniondaniels,childhopeuk,downstream,1
manniondaniels,cicni,downstream,1
manniondaniels,cifal,downstream,1
manniondaniels,ciuk,downstream,1
manniondaniels,clgf_data,downstream,1
manniondaniels,colalife,downstream,1
manniondaniels,comp_uk,downstream,1
manniondaniels,concernuk,downstream,1
manniondaniels,concordis,downstream,1
manniondaniels,cord,downstream,1
manniondaniels,ctc,downstream,1
manniondaniels,cu,downstream,1
manniondaniels,cuammtrustees,downstream,1
manniondaniels,cww,downstream,1
manniondaniels,cyan,downstream,1
manniondaniels,dc,downstream,1
manniondaniels,ddp,downstream,1
manniondaniels,dhrc_nepal,downstream,2
manniondaniels,diltuk,downstream,1
manniondaniels,dki1151219,downstream,1
manniondaniels,eap,downstream,2
manniondaniels,eel,downstream,1
manniondaniels,eiuk,downstream,1
manniondaniels,emms,downstream,1
manniondaniels,eti,downstream,1
manniondaniels,excellent,downstream,1
manniondaniels,fa,downstream,2
manniondaniels,fact,downstream,1
manniondaniels,fci,downstream,1
manniondaniels,femnet,downstream,1
manniondaniels,fh,downstream,1
manniondaniels,fhfuk,downstream,1
manniondaniels,foe-ghana,downstream,1
manniondaniels,ftm-291333,downstream,1
manniondaniels,fyf,downstream,1
manniondaniels,gadp,downstream,1
manniondaniels,gb-chc-220949,downstream,1
manniondaniels,goal,downstream,1
manniondaniels,growmovement_admin,downstream,1
manniondaniels,hagar_uk,downstream,1
manniondaniels,halo,downstream,1
manniondaniels,handinhand,downstream,1
manniondaniels,hauk,downstream,1
manniondaniels,hfc,downstream,1
manniondaniels,hha,downstream,1
manniondaniels,hhc,downstream,2
manniondaniels,hi,downstream,1
manniondaniels,hiuk,downstream,2
manniondaniels,hp_12,downstream,1
manniondaniels,hpa,downstream,2
manniondaniels,ieu,downstream,1
manniondaniels,interburns,downstream,1
manniondaniels,intrac,downstream,1
manniondaniels,ip-india,downstream,1
manniondaniels,irc_uk,downstream,1
manniondaniels,irw,downstream,1
manniondaniels,jocc_uk,downstream,1
manniondaniels,kidasha,downstream,1
manniondaniels,kipkelion,downstream,1
manniondaniels,kwaafrica,downstream,1
manniondaniels,lcd_admin,downstream,1
manniondaniels,learningforlife,downstream,1
manniondaniels,lepra,downstream,1
manniondaniels,lhcf,downstream,1
manniondaniels,livelyminds,downstream,1
manniondaniels,livingearth12,downstream,1
manniondaniels,m2m_sa,downstream,1
manniondaniels,mag,downstream,1
manniondaniels,marysmeals,downstream,1
manniondaniels,mic-uk,downstream,1
manniondaniels,mie-1134415,downstream,1
manniondaniels,mifumi_uk,downstream,1
manniondaniels,mlf,downstream,1
manniondaniels,motivation,downstream,2
manniondaniels,mrc-sierra-leone,downstream,1
manniondaniels,mrg,downstream,1
manniondaniels,msuk,downstream,1
manniondaniels,nef-uk,downstream,1
manniondaniels,network4africa,downstream,1
manniondaniels,onetoonecf,downstream,1
manniondaniels,opportunity-international-uk,downstream,1
manniondaniels,orbis_international,downstream,2
manniondaniels,orbis_uk,downstream,2
manniondaniels,pa,downstream,1
manniondaniels,peacedirect,downstream,1
manniondaniels,phase_worldwide,downstream,2
manniondaniels,phe,downstream,1
manniondaniels,pragya,downstream,1
manniondaniels,prefa_1,downstream,1
manniondaniels,pumpaid,downstream,1
manniondaniels,raleigh_int,downstream,1
manniondaniels,rc,downstream,2
manniondaniels,rfpap,downstream,1
manniondaniels,rnli_international,downstream,1
manniondaniels,rojiroti,downstream,1
manniondaniels,saferworld,downstream,1
manniondaniels,sciaf,downstream,2
manniondaniels,sct,downstream,1
manniondaniels,scuk,downstream,2
manniondaniels,self-help-africa,downstream,1
manniondaniels,sendacow,downstream,2
manniondaniels,sense_international,downstream,2
manniondaniels,signal,downstream,1
manniondaniels,sossaheluk,downstream,1
manniondaniels,spuk,downstream,2
manniondaniels,ss-org,downstream,1
manniondaniels,street_child,downstream,2
manniondaniels,stromme_ug,downstream,1
manniondaniels,surf,downstream,1
manniondaniels,swidn,downstream,1
manniondaniels,tbalert,downstream,1
manniondaniels,tearfund,downstream,2
manniondaniels,the_fsi,downstream,1
manniondaniels,theict,downstream,1
manniondaniels,timidria,downstream,1
manniondaniels,tlmew,downstream,2
manniondaniels,traidcraft,downstream,1
manniondaniels,transafrica19,downstream,1
manniondaniels,treea,downstream,2
manniondaniels,troc,downstream,2
manniondaniels,tropicalhealth,downstream,1
manniondaniels,twin-iati,downstream,1
manniondaniels,umn,downstream,1
manniondaniels,uws,downstream,1
manniondaniels,vao,downstream,1
manniondaniels,wasteaid,downstream,1
manniondaniels,water-witness-international,downstream,1
manniondaniels,wateraid,downstream,1
manniondaniels,waterworks,downstream,1
manniondaniels,wccuk,downstream,2
manniondaniels,wcf,downstream,1
manniondaniels,wcia,downstream,1
manniondaniels,wcuk,downstream,1
manniondaniels,welbodipartnership,downstream,1
manniondaniels,wellfound,downstream,1
manniondaniels,wfwiuk,downstream,1
manniondaniels,whpca,downstream,1
manniondaniels,whw2019,downstream,1
manniondaniels,wjr_001,downstream,1
manniondaniels,womankindworld,downstream,1
manniondaniels,wowni,downstream,1
manniondaniels,wwfpakistan,downstream,1
manniondaniels,ycare,downstream,2
manniondaniels,yoneco1997,downstream,1
manniondaniels,zet,downstream,1
manniondaniels,zoa_uk,downstream,1
manniondaniels,zsl,downstream,1
marysmeals,fcdo,downstream,1
mefbenin,anaepmr_benin,downstream,2
mefbenin,ine_benin,downstream,1
mefbenin,ze,downstream,1
minbuza_nl,agriterra,downstream,1
minbuza_nl,carenederland,downstream,1
minbuza_nl,cfyas,downstream,1
minbuza_nl,cidr,downstream,1
minbuza_nl,fowode,downstream,1
minbuza_nl,icwrsa,downstream,1
minbuza_nl,jass,downstream,1
minbuza_nl,minbuza_nl,downstream,1
minbuza_nl,onl,downstream,2
minbuza_nl,plannlno,downstream,1
minbuza_nl,promsex,downstream,1
minbuza_nl,protos,downstream,1
minbuza_nl,rnw_org,downstream,1
minbuza_nl,scnl,downstream,2
minbuza_nl,st_vluchteling,downstream,2
minbuza_nl,tdh_nl,downstream,1
minbuza_nl,vngi,downstream,2
minbuza_nl,wipc,downstream,1
minbuza_nl,wvnld,downstream,1
minbuza_nl,zoa,downstream,1
msi,ciuk,downstream,1
msi,dkt_drc,downstream,1
msi,fcdo,downstream,1
msi,fhi360,downstream,1
msi,icwrsa,downstream,1
msi,ipas,downstream,1
msi,ippf,downstream,1
msi,irc_inc,downstream,1
msi,lcd_admin,downstream,1
msi,options,downstream,3
msi,pmc,downstream,1
msi,promsex,downstream,1
nimd-hq,awepa,downstream,1
niras,lts,downstream,1
nl_wg,gfcf,downstream,1
nl_wg,kcdf,downstream,1
nrc,acf,downstream,1
open_university,uom,downstream,1
openmindedly,oxfamgb,downstream,2
options,sddirect,downstream,1
orbis_international,nnjs_nepal,downstream,1
orbis_international,orbis_africa,downstream,1
orbis_international,orbis_ethiopia,downstream,1
orbis_uk,nnjs_nepal,downstream,1
orbis_uk,orbis_africa,downstream,1
orbis_uk,orbis_ethiopia,downstream,1
orbis_uk,orbis_international,downstream,3
pacja,minbuza_nl,downstream,1
pax,arcfge,downstream,1
pax,defenddefenders,downstream,1
plan_uk,irc_inc,downstream,1
plannlno,amrefeth,downstream,1
plannlno,amrefkenya,downstream,1
pmo-us,rutgers,downstream,1
pwc,acu,downstream,1
pwc,britishcouncil,downstream,1
pwc,dcapitalpartners,downstream,1
pwc,inasp,downstream,1
pwc,kingscollegelondon,downstream,1
pwc,open_university,downstream,1
pwc,pasgr,downstream,1
rcn,minbuza_nl,downstream,1
restless,accountablenow,downstream,1
restless,intrac,downstream,1
rutgers,arcfge,downstream,1
rutgers,cfyas,downstream,1
rutgers,ippf,downstream,1
rutgers,my-ssm,downstream,1
rutgers,norsaac,downstream,1
rutgers,pmo-us,downstream,2
rutgers,rnw_org,downstream,1
rutgers,simavi,downstream,1
rutgers,sjg,downstream,2
saferworld,cr,downstream,1
scnl,carenederland,downstream,4
scnl,cordaid,downstream,3
scnl,dai,downstream,4
scnl,icco-cooperation,downstream,6
scnl,minbuza_nl,downstream,2
scnl,onl,downstream,2
scnl,plannlno,downstream,5
scnl,redeenkind,downstream,1
scnl,sosvdb_italia,downstream,1
scnl,st_vluchteling,downstream,2
scnl,tdh_nl,downstream,2
scnl,tear,downstream,7
scnl,warchildholland,downstream,5
scnl,wvnld,downstream,1
scnl,zoa,downstream,5
siharegional,ewla,downstream,1
siharegional,fidauganda,downstream,1
siharegional,musawah,downstream,1
siharegional,nagaad,downstream,1
simavi,amrefnl,downstream,1
snv,cidr,downstream,1
snv,hsi,downstream,1
snv,onl,downstream,1
snv,protos,downstream,2
snv,vngi,downstream,1
sosnl,carenederland,downstream,1
sosnl,cordaid,downstream,3
sosnl,icco-cooperation,downstream,1
sosnl,onl,downstream,1
sosnl,scnl,downstream,1
sosnl,st_vluchteling,downstream,2
sosnl,tdh_nl,downstream,1
sosnl,tear,downstream,3
sosnl,zoa,downstream,1
st_vluchteling,carenederland,downstream,1
st_vluchteling,cordaid,downstream,2
st_vluchteling,intersos_main,downstream,1
st_vluchteling,irc_inc,downstream,1
st_vluchteling,mcn,downstream,1
st_vluchteling,wvnld,downstream,1
stichting-subsidiegelden-dra,carenederland,downstream,3
stichting-subsidiegelden-dra,cordaid,downstream,2
stichting-subsidiegelden-dra,dai,downstream,4
stichting-subsidiegelden-dra,onl,downstream,3
stichting-subsidiegelden-dra,plannlno,downstream,1
stichting-subsidiegelden-dra,redeenkind,downstream,1
stichting-subsidiegelden-dra,scnl,downstream,3
stichting-subsidiegelden-dra,sosnl,downstream,3
stichting-subsidiegelden-dra,st_vluchteling,downstream,2
stichting-subsidiegelden-dra,tdh_nl,downstream,2
stichting-subsidiegelden-dra,tear,downstream,2
stichting-subsidiegelden-dra,warchildholland,downstream,2
stichting-subsidiegelden-dra,wvnld,downstream,1
stichting-subsidiegelden-dra,zoa,downstream,3
taf,dipr,downstream,1
tear,carenederland,downstream,4
tear,tdh_nl,downstream,4
tearfund,acatba,downstream,1
tffus,aain,downstream,1
the_power_of_nutrition,worldbank,downstream,2
traidcraft,fci,downstream,1
tripleline_crownagents,acord,downstream,1
tripleline_crownagents,adrauk,downstream,1
tripleline_crownagents,aet,downstream,1
tripleline_crownagents,basicneeds,downstream,2
tripleline_crownagents,camfed,downstream,1
tripleline_crownagents,childhopeuk,downstream,1
tripleline_crownagents,ffi_publisher,downstream,1
tripleline_crownagents,fyf,downstream,2
tripleline_crownagents,hi,downstream,2
tripleline_crownagents,hpa,downstream,1
tripleline_crownagents,iww_publish,downstream,1
tripleline_crownagents,lead_international,downstream,1
tripleline_crownagents,rfuk,downstream,1
tripleline_crownagents,rspb_,downstream,1
tripleline_crownagents,tbalert,downstream,1
tripleline_crownagents,traidcraft,downstream,1
tripleline_crownagents,waronwant,downstream,2
unf,fcdo,downstream,1
unicefnl,solidaridad-europe,downstream,1
unpf,bmu_iki,downstream,12
uoe,bpcrs,downstream,1
uoe,icddrb,downstream,1
uoe,ipcrg,downstream,1
uoe,rmc_um,downstream,1
uoe,upm,downstream,1
utd,malariaconsortium,downstream,1
viva,crane,downstream,1
vlir-uos,ares,downstream,1
vngi,cordaid,downstream,1
vso,britishcouncil,downstream,1
vso,gan,downstream,1
vso,hiuk,downstream,1
warchildholland,knvb,downstream,1
warchildholland,rtp,downstream,1
warchildholland,scnl,downstream,1
warchildholland,wcc,downstream,1
warchildholland,wcuk,downstream,7
warchildholland,wvnld,downstream,1
waste,amrefnl,downstream,2
wei,rains,downstream,1
wemos,amwa,downstream,1
wemos,fawe-rs,downstream,1
wemos,slf,downstream,1
wemos,vso_nl,downstream,1
womankindworld,ewdna2025,downstream,1
womankindworld,fowode,downstream,1
womankindworld,nuwodu,downstream,1
womankindworld,swda,downstream,1
womankindworld,wctc,downstream,1
world_ywca,e_n,downstream,1
world_ywca,f2a,downstream,1
world_ywca,imc-2021,downstream,1
world_ywca,kit,downstream,1
world_ywca,ywcakenya,downstream,1
world_ywca,ywcass,downstream,1
worldwaternet,aw,downstream,1
wv_de,wvi,downstream,148
wvnld,cordaid,downstream,2
wvnld,dai,downstream,1
wvnld,onl,downstream,1
wvnld,plannlno,downstream,1
wvnld,scnl,downstream,1
wvnld,st_vluchteling,downstream,1
wvnld,warchildholland,downstream,1
wvnld,wcuk,downstream,1
wvnld,wvi,downstream,12
wvnld,zoa,downstream,1
wvuk,wvi,downstream,102
zoa,agriterra,downstream,1
zoa,carenederland,downstream,2
zoa,cordaid,downstream,7
zoa,dai,downstream,8
zoa,et-adf-0317,downstream,1
zoa,icco-cooperation,downstream,2
zoa,leprazending-tlm-nl,downstream,1
zoa,onl,downstream,8
zoa,pa,downstream,2
zoa,plan_uk,downstream,1
zoa,plannlno,downstream,1
zoa,scnl,downstream,3
zoa,sosnl,downstream,1
zoa,sosss_admin,downstream,1
zoa,st_vluchteling,downstream,3
zoa,syf,downstream,1
zoa,tdh_nl,downstream,8
zoa,tear,downstream,1
zoa,tha,downstream,1
zoa,vngi,downstream,1
zoa,wageningen_ur,downstream,1
zoa,warchildholland,downstream,6
zoa,wvnld,downstream,3
_path_,gain,upstream,1
aahusa,concernuk,upstream,1
aaik,lcd_admin,upstream,1
aaik,vso,upstream,1
aauk,aab,upstream,1
aauk,aag,upstream,1
aauk,aai,upstream,1
aauk,aaik,upstream,4
aauk,aar,upstream,1
acf,aahusa,upstream,1
acf,acf-fr,upstream,1
aecom,sddirect,upstream,1
afdb,iom,upstream,1
afghanaid,concernuk,upstream,1
aics,ilo,upstream,14
aics,iom,upstream,1
aics,unhcr,upstream,17
aics,unocha,upstream,1
akfuk73,akf_afghanistan,upstream,1
akfuk73,crs,upstream,1
amrefnl,amrefeth,upstream,1
amrefnl,amrefhq,upstream,3
amrefnl,amrefkenya,upstream,1
amrefnl,amrefmw,upstream,3
amrefnl,amrefug,upstream,1
amrefnl,hai,upstream,2
amrefnl,kit,upstream,1
amrefnl,rutgers,upstream,1
amrefnl,sjg,upstream,1
amrefnl,wemos,upstream,1
amrefug,cordaid,upstream,1
ancb_benin,ancb_benin,upstream,24
appro-eu,appro-af,upstream,2
ares,vlir-uos,upstream,1
ausgov,unhcr,upstream,2
avsi_uganda,cordaid,upstream,1
bbcmediaaction,ims,upstream,1
be-dgd,111111_publisher,upstream,2
be-dgd,a-t,upstream,1
be-dgd,acodev,upstream,1
be-dgd,actec,upstream,1
be-dgd,ada,upstream,1
be-dgd,africalia,upstream,1
be-dgd,apefe,upstream,18
be-dgd,ares,upstream,1
be-dgd,asf,upstream,1
be-dgd,bac,upstream,1
be-dgd,bd,upstream,1
be-dgd,be-dgd,upstream,11
be-dgd,bismsi,upstream,1
be-dgd,bos_plus_tropen,upstream,1
be-dgd,brulocalis,upstream,4
be-dgd,cadtm,upstream,1
be-dgd,cdeb-kvhb_admin,upstream,1
be-dgd,cec,upstream,1
be-dgd,cjp,upstream,1
be-dgd,cncd,upstream,2
be-dgd,crb-ai_admin,upstream,1
be-dgd,csa,upstream,1
be-dgd,ct-admin,upstream,1
be-dgd,damien-foundation,upstream,1
be-dgd,dba,upstream,1
be-dgd,dynamo_international,upstream,1
be-dgd,ec,upstream,1
be-dgd,eclosio,upstream,11
be-dgd,ef_,upstream,1
be-dgd,etmkdw,upstream,1
be-dgd,fairtrade_be,upstream,1
be-dgd,fian-belgium,upstream,5
be-dgd,foncaba,upstream,4
be-dgd,fos,upstream,1
be-dgd,fucid,upstream,5
be-dgd,g3w-m3m_admin,upstream,1
be-dgd,geomoun,upstream,1
be-dgd,hib,upstream,1
be-dgd,idp,upstream,1
be-dgd,ifsi_isvi,upstream,15
be-dgd,iiwe,upstream,1
be-dgd,iteco,upstream,1
be-dgd,itm,upstream,1
be-dgd,kiyo,upstream,1
be-dgd,lc,upstream,1
be-dgd,lftw-be,upstream,1
be-dgd,lhac,upstream,1
be-dgd,medecins,upstream,1
be-dgd,memisa,upstream,3
be-dgd,mmha,upstream,2
be-dgd,mondefemmes,upstream,1
be-dgd,msv,upstream,1
be-dgd,ngo-federatie,upstream,1
be-dgd,oww,upstream,1
be-dgd,oxsol,upstream,1
be-dgd,pib,upstream,1
be-dgd,protos,upstream,1
be-dgd,quinoa,upstream,1
be-dgd,rcn,upstream,6
be-dgd,rikolto_belgium,upstream,1
be-dgd,scibelgium,upstream,1
be-dgd,sg,upstream,1
be-dgd,shc,upstream,1
be-dgd,solidagro_admin,upstream,1
be-dgd,solsoc,upstream,12
be-dgd,sosfaim,upstream,1
be-dgd,svdbskb_admin,upstream,1
be-dgd,tfb_admin1,upstream,1
be-dgd,ub,upstream,1
be-dgd,ucos,upstream,1
be-dgd,ulbcoop,upstream,1
be-dgd,unhcr,upstream,23
be-dgd,uvcw,upstream,5
be-dgd,vlir-uos,upstream,1
be-dgd,vvob,upstream,1
be-dgd,vvsg,upstream,1
be-dgd,wsm,upstream,9
be-dgd,wwf-be,upstream,1
beis,col-greenfinance,upstream,1
beis,ctbeijing,upstream,1
beis,icf,upstream,1
beis,iied,upstream,1
beis,pwc,upstream,2
beis,rmi,upstream,2
bmgf,cabi,upstream,3
bmgf,unhcr,upstream,10
bmz,ilo,upstream,27
bmz,unhcr,upstream,4
bothends,aanl,upstream,2
bothends,ccc,upstream,1
bothends,foei,upstream,1
bothends,foenl,upstream,2
bothends,itforchange,upstream,1
bothends,samdhana_institute,upstream,1
bothends,somo,upstream,2
bothends,tni,upstream,2
bracuk,brac_admin2,upstream,1
britishcouncil,open_university,upstream,1
britishcouncil,pwc,upstream,1
britishcouncil,sddirect,upstream,1
caeb_mali,cordaid,upstream,1
cal,acf,upstream,1
cal,hpa,upstream,1
cal,irc_inc,upstream,3
carbontrustadvisory,e4i,upstream,1
carbontrustadvisory,shortlistogti,upstream,1
carbontrustadvisory,uct,upstream,1
carenederland,cordaid,upstream,2
carenederland,dai,upstream,1
carenederland,gain,upstream,1
carenederland,icco-cooperation,upstream,1
carenederland,onl,upstream,16
carenederland,plannlno,upstream,1
carenederland,rnw_org,upstream,1
carenederland,scnl,upstream,10
carenederland,sosnl,upstream,1
carenederland,st_vluchteling,upstream,8
carenederland,tear,upstream,5
carenederland,warchildholland,upstream,4
carenederland,wvnld,upstream,3
carenederland,zoa,upstream,8
cdi_vn_2021,fwf,upstream,1
cerf,iom,upstream,179
cerf,unhcr,upstream,132
cfyas,ippf,upstream,1
ciuk,cnepal,upstream,2
ciuk,csom1,upstream,3
clasp,energy_saving_trust,upstream,1
clingendael,idlo,upstream,1
cocnl_publisher,ilgaasia,upstream,1
cocnl_publisher,pai155669,upstream,1
coffey,oca,upstream,1
coffey,sddirect,upstream,1
concernuk,concern_worldwide,upstream,72
concernuk,irc_uk,upstream,1
cordaid,carenederland,upstream,1
cordaid,icco-cooperation,upstream,10
cordaid,onl,upstream,16
cordaid,plannlno,upstream,3
cordaid,scnl,upstream,3
cordaid,sfcg,upstream,1
cordaid,sosnl,upstream,4
cordaid,st_vluchteling,upstream,13
cordaid,tdh_nl,upstream,1
cordaid,tlo,upstream,1
cordaid,wanep,upstream,1
cordaid,warchildholland,upstream,4
cordaid,wcuk,upstream,3
cordaid,wipc,upstream,1
cordaid,wvnld,upstream,6
cordaid,zoa,upstream,8
cowater,idlo,upstream,1
cowateruk,sddirect,upstream,1
cr,hdcentre,upstream,1
cr,riia,upstream,1
crane,bucksfarm,upstream,1
crane,mukisa_foundation,upstream,1
creausa-org,ad,upstream,5
creausa-org,apc,upstream,1
creausa-org,iwrawasiapacific,upstream,9
creausa-org,uhai-eashri,upstream,1
creausa-org,wo-men,upstream,1
dai,cordaid,upstream,3
dai,scnl,upstream,2
dai,sosnl,upstream,1
dai,st_vluchteling,upstream,1
dai,zoa,upstream,1
dai-e,idlo,upstream,1
dai-e,nathan,upstream,2
dance4life,ippf,upstream,1
danida,12921047,upstream,3
danida,aadk,upstream,3
danida,adra-dk,upstream,1
danida,caritas_denmark,upstream,3
danida,cisu,upstream,2
danida,danida,upstream,5
danida,danishrc,upstream,6
danida,danmission,upstream,2
danida,dca,upstream,4
danida,dfpa,upstream,1
danida,di,upstream,1
danida,drc,upstream,30
danida,ibis_denmark,upstream,1
danida,idh,upstream,1
danida,ilo,upstream,5
danida,ims,upstream,2
danida,loftf,upstream,2
danida,missioneast,upstream,6
danida,plb,upstream,2
danida,redbarnet,upstream,3
danida,unhcr,upstream,4
danida,wwfdk,upstream,1
ddp,dhrc_nepal,upstream,1
dec-uk,aauk,upstream,5
dec-uk,acf,upstream,2
dec-uk,ageintl,upstream,8
dec-uk,ciuk,upstream,1
dec-uk,concernuk,upstream,10
dec-uk,gb-chc-220949,upstream,6
dec-uk,irc_uk,upstream,4
dec-uk,irw,upstream,5
dec-uk,oxfamgb,upstream,29
dec-uk,plan_uk,upstream,5
dec-uk,tearfund,upstream,4
defra_transparency,cgiar,upstream,2
dhsc,mml,upstream,2
drc,bbcmediaaction,upstream,1
drc,cdacnetwork,upstream,2
drc,crs,upstream,1
drc,fh_ch,upstream,1
drc,ground-truth-solutions,upstream,1
drc,hiuk,upstream,1
drc,ieu,upstream,1
drc,irc_inc,upstream,1
drc,irc_uk,upstream,1
drc,irw,upstream,1
drc,mapaction,upstream,1
drc,nrc,upstream,1
ec-echo,iom,upstream,81
ec-echo,nlrc,upstream,2
ec-echo,onl,upstream,40
ec-echo,tdh_nl,upstream,4
ec-echo,unhcr,upstream,320
ec-echo,warchildholland,upstream,4
ec-fpi,iom,upstream,3
ec-intpa,cabi,upstream,2
ec-intpa,idlo,upstream,3
ec-intpa,ilo,upstream,9
ec-intpa,unhcr,upstream,2
ec-near,ilo,upstream,2
ec-near,iom,upstream,5
ec-near,onl,upstream,3
ec-near,unhcr,upstream,2
ec-near,warchildholland,upstream,2
ecuk,sddirect,upstream,1
edt_kenya,amurt_kenya,upstream,1
edt_kenya,concernuk,upstream,1
edt_kenya,kesho_kenya,upstream,1
elrha,irc_uk,upstream,1
emms,dgmh,upstream,1
emms,infnepal,upstream,1
emms,mmh,upstream,1
emms,nmhiati,upstream,1
emms,pacam,upstream,1
emms,pcst,upstream,2
energy_saving_trust,bboxx,upstream,1
energy_saving_trust,svrg,upstream,1
energy_saving_trust,walaltd,upstream,1
fao,ilo,upstream,1
fca,ageintl,upstream,1
fcam,bothends,upstream,2
fcam,mamac,upstream,1
fcdo,1-uz,upstream,1
fcdo,3ie,upstream,6
fcdo,_path_,upstream,3
fcdo,aauk,upstream,1
fcdo,abaseen,upstream,1
fcdo,abtbritain,upstream,3
fcdo,acceleratornepal,upstream,1
fcdo,acf,upstream,5
fcdo,acord,upstream,3
fcdo,act4africa,upstream,1
fcdo,acumen,upstream,1
fcdo,adrauk,upstream,3
fcdo,aeras,upstream,1
fcdo,africanrevival,upstream,1
fcdo,ageintl,upstream,2
fcdo,ahead,upstream,1
fcdo,akfuk73,upstream,1
fcdo,alineainternational_2020,upstream,1
fcdo,allwecan,upstream,2
fcdo,aphrc,upstream,1
fcdo,apt,upstream,3
fcdo,arfh,upstream,1
fcdo,art19,upstream,3
fcdo,asi,upstream,5
fcdo,asil,upstream,3
fcdo,basicneeds,upstream,1
fcdo,bauk,upstream,1
fcdo,bbcmediaaction,upstream,1
fcdo,beesfordevelopment,upstream,1
fcdo,blueventures,upstream,1
fcdo,bond,upstream,3
fcdo,britishcouncil,upstream,5
fcdo,bvs-nepal,upstream,1
fcdo,cabi,upstream,5
fcdo,cafod,upstream,10
fcdo,cal,upstream,6
fcdo,carbontrustadvisory,upstream,1
fcdo,cardnoem,upstream,5
fcdo,cepr,upstream,2
fcdo,cgiar,upstream,5
fcdo,chemonics,upstream,3
fcdo,childhopeuk,upstream,2
fcdo,cic,upstream,2
fcdo,cifal,upstream,1
fcdo,cip,upstream,1
fcdo,clgf_data,upstream,1
fcdo,cnepal,upstream,1
fcdo,coda,upstream,1
fcdo,coffey,upstream,7
fcdo,concernuk,upstream,7
fcdo,cowater,upstream,2
fcdo,cowi,upstream,1
fcdo,cr,upstream,2
fcdo,crehpa,upstream,1
fcdo,crs,upstream,4
fcdo,ctc,upstream,1
fcdo,cww,upstream,1
fcdo,cyan,upstream,2
fcdo,dai-e,upstream,29
fcdo,dc,upstream,1
fcdo,ddp,upstream,4
fcdo,dec-uk,upstream,5
fcdo,drc,upstream,5
fcdo,ecuk,upstream,3
fcdo,eddevtrust,upstream,3
fcdo,educomm,upstream,1
fcdo,eel,upstream,1
fcdo,eiuk,upstream,1
fcdo,elrha,upstream,3
fcdo,energy_saving_trust,upstream,1
fcdo,evc,upstream,2
fcdo,excellent,upstream,1
fcdo,f-aids,upstream,1
fcdo,fcdo,upstream,23
fcdo,fh,upstream,2
fcdo,fhi360,upstream,1
fcdo,foe_ewni,upstream,1
fcdo,ftm-291333,upstream,2
fcdo,fyf,upstream,3
fcdo,gain,upstream,2
fcdo,galvmed,upstream,1
fcdo,gb-chc-220949,upstream,19
fcdo,gca,upstream,3
fcdo,gdi,upstream,1
fcdo,gdihub,upstream,3
fcdo,gecfundmanagerpwc,upstream,1
fcdo,gi-toc,upstream,1
fcdo,globalcanopy,upstream,1
fcdo,gsma_foundation,upstream,504
fcdo,handinhand,upstream,1
fcdo,hha,upstream,1
fcdo,hi,upstream,4
fcdo,hiuk,upstream,8
fcdo,htspe,upstream,2
fcdo,icf,upstream,4
fcdo,idi,upstream,1
fcdo,ids,upstream,7
fcdo,ifpri,upstream,1
fcdo,iied,upstream,4
fcdo,ilo,upstream,44
fcdo,imcw_admin,upstream,7
fcdo,interburns,upstream,1
fcdo,iom,upstream,16
fcdo,ipeglobal,upstream,7
fcdo,ippf,upstream,4
fcdo,irc_inc,upstream,4
fcdo,irc_uk,upstream,14
fcdo,irw,upstream,4
fcdo,itad,upstream,1
fcdo,iyafp,upstream,1
fcdo,iza,upstream,1
fcdo,jeevika_trust,upstream,1
fcdo,jpal,upstream,2
fcdo,kipkelion,upstream,1
fcdo,kpmgea,upstream,3
fcdo,kpmgllp,upstream,1
fcdo,lbg,upstream,1
fcdo,lboro,upstream,1
fcdo,lbs,upstream,1
fcdo,lcd_admin,upstream,4
fcdo,lcds,upstream,1
fcdo,leedsuni,upstream,1
fcdo,lepra,upstream,2
fcdo,lhcf,upstream,1
fcdo,lse,upstream,1
fcdo,lshtm,upstream,3
fcdo,lstm,upstream,2
fcdo,lts,upstream,2
fcdo,m2m_sa,upstream,1
fcdo,mag,upstream,2
fcdo,malariaconsortium,upstream,4
fcdo,manniondaniels,upstream,3
fcdo,marysmeals,upstream,2
fcdo,mce,upstream,8
fcdo,mml,upstream,24
fcdo,motivation,upstream,3
fcdo,mrc-sierra-leone,upstream,1
fcdo,msi,upstream,13
fcdo,namati_inc,upstream,1
fcdo,nathan,upstream,2
fcdo,nrc,upstream,3
fcdo,nrgi,upstream,1
fcdo,nutritionintl,upstream,1
fcdo,odi,upstream,33
fcdo,odi_sales_ltd,upstream,6
fcdo,onetoonecf,upstream,1
fcdo,onl,upstream,2
fcdo,opml,upstream,2
fcdo,options,upstream,13
fcdo,orbis_africa,upstream,1
fcdo,orbis_uk,upstream,1
fcdo,oxfamgb,upstream,20
fcdo,oxford,upstream,2
fcdo,pa,upstream,2
fcdo,palladium,upstream,16
fcdo,pcst,upstream,1
fcdo,pegasys-eu,upstream,1
fcdo,peopleinaid,upstream,1
fcdo,phase_worldwide,upstream,1
fcdo,phe,upstream,1
fcdo,pidg,upstream,1
fcdo,pmc,upstream,1
fcdo,pont,upstream,1
fcdo,populationcouncil,upstream,2
fcdo,pri,upstream,1
fcdo,pumpaid,upstream,1
fcdo,pwc,upstream,9
fcdo,pwcplindia,upstream,10
fcdo,ran,upstream,2
fcdo,rc,upstream,1
fcdo,rcel,upstream,1
fcdo,restless,upstream,10
fcdo,rfpap,upstream,2
fcdo,rfuk,upstream,2
fcdo,ri-uk,upstream,1
fcdo,rspb_,upstream,1
fcdo,saferworld,upstream,7
fcdo,sciaf,upstream,1
fcdo,sct,upstream,1
fcdo,scuk,upstream,1
fcdo,sddirect,upstream,3
fcdo,sendacow,upstream,4
fcdo,sense_international,upstream,2
fcdo,sfcg,upstream,1
fcdo,snv,upstream,2
fcdo,soas,upstream,2
fcdo,spuk,upstream,3
fcdo,ss-org,upstream,133
fcdo,stichting_hivos,upstream,1
fcdo,stichtingfern,upstream,1
fcdo,street_child,upstream,4
fcdo,stromme_ug,upstream,1
fcdo,surf,upstream,1
fcdo,taf,upstream,1
fcdo,tbalert,upstream,1
fcdo,tearfund,upstream,5
fcdo,thefaradayinstitution,upstream,1
fcdo,tlmew,upstream,1
fcdo,tns,upstream,2
fcdo,traidcraft,upstream,6
fcdo,tripleline_crownagents,upstream,2
fcdo,troc,upstream,1
fcdo,ul,upstream,1
fcdo,umn,upstream,1
fcdo,undp,upstream,5
fcdo,unf,upstream,2
fcdo,unhcr,upstream,99
fcdo,unocha,upstream,5
fcdo,uom,upstream,2
fcdo,uq,upstream,6
fcdo,vao,upstream,1
fcdo,vfan,upstream,1
fcdo,vso,upstream,31
fcdo,wacc-uk,upstream,1
fcdo,wateraid,upstream,5
fcdo,waterworks,upstream,1
fcdo,wccuk,upstream,3
fcdo,wcf,upstream,2
fcdo,wfwiuk,upstream,2
fcdo,worldveg,upstream,1
fcdo,wowni,upstream,1
fcdo,wri,upstream,1
fcdo,wsup,upstream,1
fcdo,wwfpakistan,upstream,2
fcdo,wygi,upstream,6
fcdo,ycare,upstream,4
fcdo,yoneco1997,upstream,1
fcdo,zet,upstream,1
fcdo,zoa,upstream,2
fo_germany,unhcr,upstream,42
foenl,foei,upstream,2
foenl,gaia,upstream,1
foenl,iucn_nl,upstream,1
foenl,ntfp-ep,upstream,1
foenl,sdi,upstream,1
foenl,tbi,upstream,1
foenl,wecf,upstream,1
free_press_unlimited,ejc,upstream,2
fwf,cdi_vn_2021,upstream,1
fwf,cividep,upstream,1
fwf,eti,upstream,1
fwf,mondiaalfnv,upstream,1
gac-amc,idi,upstream,1
gac-amc,idlo,upstream,1
gac-amc,iisd,upstream,1
gac-amc,ilo,upstream,7
gac-amc,iom,upstream,4
gac-amc,unhcr,upstream,39
gdi,villageenterprise,upstream,1
gecfundmanagerpwc,childhopeuk,upstream,1
gecfundmanagerpwc,edt_kenya,upstream,2
gecfundmanagerpwc,gecfundmanagerpwc,upstream,1
gecfundmanagerpwc,irc_uk,upstream,1
gecfundmanagerpwc,lcdi_admin,upstream,1
gecfundmanagerpwc,mce,upstream,2
gecfundmanagerpwc,mgcubed,upstream,1
gecfundmanagerpwc,opportunity-international-uk,upstream,1
gecfundmanagerpwc,vso,upstream,1
giro555,carenederland,upstream,1
giro555,cordaid,upstream,2
giro555,giro555,upstream,1
giro555,hfhnl,upstream,1
giro555,icco-cooperation,upstream,17
giro555,nlrc,upstream,19
giro555,pax,upstream,1
giro555,plannlno,upstream,5
giro555,scnl,upstream,6
giro555,st_vluchteling,upstream,11
giro555,tdh_nl,upstream,1
giro555,tear,upstream,4
giro555,unicefnl,upstream,3
giro555,wvi,upstream,1
giro555,wvnld,upstream,3
gppac,wfm-igp,upstream,1
guttmacher,arcfge,upstream,1
guttmacher,bapsa,upstream,1
guttmacher,crerd_ng,upstream,1
guttmacher,epha,upstream,1
guttmacher,ipas,upstream,1
guttmacher,iyafp,upstream,1
guttmacher,knust,upstream,1
guttmacher,orientame,upstream,1
hai,twz1,upstream,1
hewlett-foundation,manniondaniels,upstream,1
hiuk,hi_fed,upstream,8
hpa,lcdi_admin,upstream,1
hpa,tamtf,upstream,1
icco-cooperation,healthnet,upstream,3
icco-cooperation,rpm,upstream,1
icco-cooperation,warchildholland,upstream,1
icf,aauk,upstream,1
icf,odi_sales_ltd,upstream,1
icf,wwf-uk,upstream,1
idrccrdi,ssn,upstream,1
inasp,ashoka,upstream,1
inasp,liwa-admin,upstream,1
inasp,udom,upstream,1
inasp,umu,upstream,1
iom,concernuk,upstream,1
iom,ilo,upstream,9
iom,zoa,upstream,1
ipeglobal,sddirect,upstream,1
ippf,dmi_admin,upstream,1
ippf,hiuk,upstream,1
ippf,irc_inc,upstream,1
ippf,msi,upstream,1
ippf,open_university,upstream,1
ippf,options,upstream,1
irc_inc,bbcmediaaction,upstream,1
irc_inc,concern_worldwide,upstream,1
irc_inc,concernuk,upstream,2
irc_inc,cuamm,upstream,1
irc_inc,drc,upstream,2
irc_inc,goal,upstream,1
irc_inc,hiuk,upstream,1
irc_inc,irc_uk,upstream,3
irc_inc,mcn,upstream,1
irc_inc,msi,upstream,1
irc_inc,restless,upstream,2
irc_inc,zoa,upstream,1
irc_uk,concern_worldwide,upstream,2
irc_uk,goal,upstream,1
irc_uk,hiuk,upstream,1
irc_uk,irc_inc,upstream,85
irc_uk,irc_uk,upstream,1
irc_uk,restless,upstream,1
irishaid,idi,upstream,1
irishaid,iied,upstream,1
irishaid,odi,upstream,1
irishaid,unhcr,upstream,9
jass,cal_2000-pu,upstream,1
jass,genderatwork,upstream,1
jass,pekka_21,upstream,1
kpmgllp,rfuk,upstream,1
kpmgllp,wwf-uk,upstream,1
ksrelief291,unhcr,upstream,1
ktk,awo2022,upstream,1
ktk,crtda,upstream,1
ktk,pwwsd_2022,upstream,1
lcd_admin,ilo,upstream,5
lcd_admin,open_university,upstream,1
loftf,di,upstream,2
mag,crs,upstream,1
mag,halo,upstream,1
mamac,creausa-org,upstream,1
mamac,jass,upstream,1
mamac,ruf,upstream,1
mamac,uaf-africa,upstream,3
manniondaniels,aaik,upstream,1
manniondaniels,aar,upstream,1
manniondaniels,aauk,upstream,1
manniondaniels,acf,upstream,1
manniondaniels,aet,upstream,1
manniondaniels,afrikids,upstream,2
manniondaniels,amrefha,upstream,1
manniondaniels,apt,upstream,1
manniondaniels,asil,upstream,2
manniondaniels,b_a_t,upstream,1
manniondaniels,bracuk,upstream,3
manniondaniels,buildafrica,upstream,1
manniondaniels,cbm,upstream,2
manniondaniels,comp_uk,upstream,1
manniondaniels,concernuk,upstream,3
manniondaniels,concordis,upstream,1
manniondaniels,cu,upstream,1
manniondaniels,ddp,upstream,4
manniondaniels,dhrc_nepal,upstream,2
manniondaniels,dki1151219,upstream,1
manniondaniels,ehorg,upstream,1
manniondaniels,fact,upstream,1
manniondaniels,fci,upstream,1
manniondaniels,femnet,upstream,1
manniondaniels,gb-chc-220949,upstream,1
manniondaniels,hhc,upstream,1
manniondaniels,hiuk,upstream,1
manniondaniels,hpa,upstream,2
manniondaniels,intrac,upstream,1
manniondaniels,irise_int,upstream,1
manniondaniels,jocc_uk,upstream,1
manniondaniels,kmss,upstream,1
manniondaniels,learningforlife,upstream,1
manniondaniels,mag,upstream,1
manniondaniels,manniondaniels,upstream,2
manniondaniels,mifumi_uk,upstream,1
manniondaniels,mmh,upstream,1
manniondaniels,motivation,upstream,3
manniondaniels,msuk,upstream,1
manniondaniels,nef-uk,upstream,1
manniondaniels,opportunity-international-uk,upstream,1
manniondaniels,orbis_africa,upstream,1
manniondaniels,orbis_international,upstream,2
manniondaniels,orbis_uk,upstream,3
manniondaniels,pcst,upstream,1
manniondaniels,peacedirect,upstream,1
manniondaniels,rnli_international,upstream,1
manniondaniels,saferworld,upstream,1
manniondaniels,sct,upstream,1
manniondaniels,self-help-africa,upstream,1
manniondaniels,sendacow,upstream,2
manniondaniels,sense_international,upstream,1
manniondaniels,simprints,upstream,1
manniondaniels,street_child,upstream,5
manniondaniels,tearfund,upstream,3
manniondaniels,the_fsi,upstream,1
manniondaniels,timidria,upstream,1
manniondaniels,tlmew,upstream,1
manniondaniels,traidcraft,upstream,1
manniondaniels,troc,upstream,1
manniondaniels,tropicalhealth,upstream,1
manniondaniels,twin-iati,upstream,1
manniondaniels,wateraid,upstream,1
manniondaniels,wccuk,upstream,1
manniondaniels,wcia,upstream,1
manniondaniels,wcuk,upstream,1
manniondaniels,welbodipartnership,upstream,1
manniondaniels,wellfound,upstream,3
manniondaniels,wfwiuk,upstream,1
manniondaniels,whpca,upstream,1
manniondaniels,ycare,upstream,1
mce,concernuk,upstream,2
mce,irc_uk,upstream,2
mce,nrc,upstream,1
mce,st_vluchteling,upstream,1
mefbenin,anaepmr_benin,upstream,1
mefbenin,ine_benin,upstream,1
mefbenin,soneb-benin,upstream,1
mefbenin,ze,upstream,3
mfat,ilo,upstream,2
mfat,iom,upstream,1
mfat,unhcr,upstream,1
minbuza_nl,aanl,upstream,1
minbuza_nl,abpf,upstream,1
minbuza_nl,ac1999,upstream,1
minbuza_nl,acet,upstream,1
minbuza_nl,acfshr,upstream,2
minbuza_nl,acted,upstream,1
minbuza_nl,adsb,upstream,1
minbuza_nl,agencia_do_zambeze,upstream,1
minbuza_nl,agriterra,upstream,3
minbuza_nl,ahead,upstream,1
minbuza_nl,aias,upstream,1
minbuza_nl,ajar,upstream,1
minbuza_nl,al_majmoua,upstream,1
minbuza_nl,alab,upstream,2
minbuza_nl,amrefnl,upstream,3
minbuza_nl,amrefug,upstream,1
minbuza_nl,ancb_benin,upstream,3
minbuza_nl,aqua4all,upstream,1
minbuza_nl,arcfge,upstream,8
minbuza_nl,arij,upstream,1
minbuza_nl,art19,upstream,1
minbuza_nl,asf,upstream,1
minbuza_nl,asi,upstream,1
minbuza_nl,atmf,upstream,5
minbuza_nl,auxfinbi,upstream,1
minbuza_nl,auxfinintl,upstream,1
minbuza_nl,avsi-ssd,upstream,1
minbuza_nl,avsi_uganda,upstream,2
minbuza_nl,berytech,upstream,1
minbuza_nl,bmz,upstream,5
minbuza_nl,bopinc,upstream,1
minbuza_nl,bothends,upstream,3
minbuza_nl,brac_admin2,upstream,2
minbuza_nl,bsr_admin,upstream,1
minbuza_nl,bu,upstream,1
minbuza_nl,bwh,upstream,1
minbuza_nl,cabi,upstream,3
minbuza_nl,carenederland,upstream,12
minbuza_nl,ccc,upstream,1
minbuza_nl,cdc_ohg,upstream,1
minbuza_nl,cdi_vn_2021,upstream,1
minbuza_nl,cesc,upstream,1
minbuza_nl,chs_alliance,upstream,1
minbuza_nl,cidr,upstream,1
minbuza_nl,cilc,upstream,1
minbuza_nl,cis,upstream,1
minbuza_nl,civic_admin,upstream,1
minbuza_nl,civicus,upstream,1
minbuza_nl,clingendael,upstream,7
minbuza_nl,cocnl_publisher,upstream,1
minbuza_nl,cordaid,upstream,27
minbuza_nl,cpd,upstream,1
minbuza_nl,creausa-org,upstream,3
minbuza_nl,crehpa,upstream,1
minbuza_nl,crisisgroup,upstream,1
minbuza_nl,crtda,upstream,1
minbuza_nl,d4d,upstream,1
minbuza_nl,dai,upstream,5
minbuza_nl,dai-e,upstream,1
minbuza_nl,dcaf,upstream,4
minbuza_nl,decp,upstream,3
minbuza_nl,deltares,upstream,4
minbuza_nl,drc,upstream,8
minbuza_nl,dri,upstream,1
minbuza_nl,ecorysnl,upstream,1
minbuza_nl,efi,upstream,1
minbuza_nl,ejc,upstream,1
minbuza_nl,elrha,upstream,1
minbuza_nl,engenderhealth_eth,upstream,1
minbuza_nl,esfd,upstream,1
minbuza_nl,f-aids,upstream,3
minbuza_nl,fca,upstream,2
minbuza_nl,fcam,upstream,1
minbuza_nl,fimi_iiwf_2019,upstream,2
minbuza_nl,finddiagnostics,upstream,1
minbuza_nl,fmo,upstream,4
minbuza_nl,fms,upstream,1
minbuza_nl,foenl,upstream,2
minbuza_nl,free_press_unlimited,upstream,3
minbuza_nl,fwf,upstream,2
minbuza_nl,gain,upstream,4
minbuza_nl,gichd,upstream,12
minbuza_nl,giin,upstream,1
minbuza_nl,giro555,upstream,1
minbuza_nl,gnbcc,upstream,10
minbuza_nl,grp,upstream,1
minbuza_nl,guttmacher,upstream,1
minbuza_nl,hai,upstream,1
minbuza_nl,halo,upstream,9
minbuza_nl,hdcentre,upstream,1
minbuza_nl,hi_fed,upstream,3
minbuza_nl,hif,upstream,2
minbuza_nl,hiil_mfa,upstream,6
minbuza_nl,hsi,upstream,2
minbuza_nl,ibfd,upstream,35
minbuza_nl,icco-cooperation,upstream,20
minbuza_nl,icnl_org,upstream,5
minbuza_nl,ictj,upstream,23
minbuza_nl,idh,upstream,13
minbuza_nl,idh_im,upstream,1
minbuza_nl,idlo,upstream,21
minbuza_nl,idrccrdi,upstream,17
minbuza_nl,ieu,upstream,1
minbuza_nl,ifdc-us,upstream,6
minbuza_nl,ihedelft,upstream,2
minbuza_nl,iisd,upstream,1
minbuza_nl,ilo,upstream,57
minbuza_nl,imc_uk,upstream,1
minbuza_nl,inbar,upstream,1
minbuza_nl,interpeace,upstream,11
minbuza_nl,intersos_main,upstream,2
minbuza_nl,intrahealth,upstream,1
minbuza_nl,iom,upstream,1
minbuza_nl,ipas,upstream,1
minbuza_nl,ippf,upstream,6
minbuza_nl,irc,upstream,7
minbuza_nl,irc_inc,upstream,1
minbuza_nl,irc_uk,upstream,1
minbuza_nl,isdglobal,upstream,1
minbuza_nl,issafrica,upstream,3
minbuza_nl,itc,upstream,2
minbuza_nl,iucn,upstream,2
minbuza_nl,iucn_nl,upstream,2
minbuza_nl,ja_ppmn,upstream,1
minbuza_nl,jass,upstream,1
minbuza_nl,jfa-pfe,upstream,1
minbuza_nl,josa,upstream,1
minbuza_nl,jowomenomics,upstream,3
minbuza_nl,kepsa,upstream,2
minbuza_nl,kit,upstream,1
minbuza_nl,ktk,upstream,1
minbuza_nl,law,upstream,1
minbuza_nl,ldsps,upstream,1
minbuza_nl,leprazending-tlm-nl,upstream,1
minbuza_nl,lpa,upstream,1
minbuza_nl,lpi,upstream,1
minbuza_nl,mag,upstream,3
minbuza_nl,mamac,upstream,3
minbuza_nl,manniondaniels,upstream,2
minbuza_nl,max-foundation,upstream,1
minbuza_nl,mce,upstream,4
minbuza_nl,mcn,upstream,1
minbuza_nl,mdf,upstream,4
minbuza_nl,mefbenin,upstream,2
minbuza_nl,mfwa,upstream,1
minbuza_nl,minbuza_nl,upstream,27
minbuza_nl,mm1,upstream,2
minbuza_nl,mml,upstream,1
minbuza_nl,mondiaalfnv,upstream,1
minbuza_nl,msi,upstream,7
minbuza_nl,mvo_nederland,upstream,2
minbuza_nl,mwatana,upstream,1
minbuza_nl,ncea,upstream,5
minbuza_nl,nchrdk,upstream,1
minbuza_nl,ndsicde,upstream,1
minbuza_nl,nfp,upstream,2
minbuza_nl,nimd-hq,upstream,6
minbuza_nl,nl-kvk-41207989,upstream,3
minbuza_nl,nl-kvk-54436222-27541,upstream,40
minbuza_nl,nl_wg,upstream,1
minbuza_nl,nlr,upstream,2
minbuza_nl,nlr_indonesia,upstream,1
minbuza_nl,nlrc,upstream,223
minbuza_nl,nrc,upstream,2
minbuza_nl,nso,upstream,1
minbuza_nl,nuffic20171017,upstream,2
minbuza_nl,nwo,upstream,4
minbuza_nl,nwp,upstream,1
minbuza_nl,odi,upstream,1
minbuza_nl,oneacrefund,upstream,1
minbuza_nl,onl,upstream,1485
minbuza_nl,oxfamintermon,upstream,1
minbuza_nl,oyw,upstream,1
minbuza_nl,p-t-f-,upstream,1
minbuza_nl,pacja,upstream,1
minbuza_nl,palladium_eur,upstream,1
minbuza_nl,partos_nl,upstream,2
minbuza_nl,pathfinder1,upstream,2
minbuza_nl,pax,upstream,7
minbuza_nl,pcf,upstream,2
minbuza_nl,pidg,upstream,1
minbuza_nl,plama,upstream,1
minbuza_nl,plannlno,upstream,8
minbuza_nl,pmo-us,upstream,1
minbuza_nl,ppag_123,upstream,2
minbuza_nl,protos,upstream,1
minbuza_nl,psi,upstream,3
minbuza_nl,pstc_1102,upstream,1
minbuza_nl,pumnl,upstream,1
minbuza_nl,rcn,upstream,2
minbuza_nl,redeenkind,upstream,1
minbuza_nl,rmf-lb,upstream,1
minbuza_nl,rutgers,upstream,4
minbuza_nl,rvo,upstream,15
minbuza_nl,saferworld,upstream,11
minbuza_nl,scnl,upstream,12
minbuza_nl,scss,upstream,1
minbuza_nl,sdi,upstream,1
minbuza_nl,ser,upstream,1
minbuza_nl,sfcg,upstream,1
minbuza_nl,sfd-yemen,upstream,1
minbuza_nl,siharegional,upstream,1
minbuza_nl,simavi,upstream,3
minbuza_nl,siren,upstream,1
minbuza_nl,siwi,upstream,1
minbuza_nl,sjac,upstream,1
minbuza_nl,skf,upstream,1
minbuza_nl,snv,upstream,17
minbuza_nl,solidaridad,upstream,2
minbuza_nl,solidaridad-europe,upstream,1
minbuza_nl,solidaridad-ssea,upstream,2
minbuza_nl,solidaridad-waf,upstream,2
minbuza_nl,solidarsuisse,upstream,1
minbuza_nl,somo,upstream,1
minbuza_nl,sosnl,upstream,1
minbuza_nl,sosss_admin,upstream,1
minbuza_nl,spark,upstream,6
minbuza_nl,st_vluchteling,upstream,2
minbuza_nl,stc-international,upstream,1
minbuza_nl,stichting-subsidiegelden-dra,upstream,4
minbuza_nl,stichting_hivos,upstream,14
minbuza_nl,swda,upstream,1
minbuza_nl,syf,upstream,1
minbuza_nl,t2p,upstream,1
minbuza_nl,tan,upstream,1
minbuza_nl,tbi,upstream,2
minbuza_nl,tdh_foundation,upstream,1
minbuza_nl,tdh_nl,upstream,5
minbuza_nl,tha,upstream,1
minbuza_nl,ti-uk,upstream,1
minbuza_nl,tifa_foundation,upstream,1
minbuza_nl,tni,upstream,1
minbuza_nl,tns,upstream,1
minbuza_nl,trig,upstream,1
minbuza_nl,twynstragudde,upstream,1
minbuza_nl,undp,upstream,2
minbuza_nl,unhcr,upstream,105
minbuza_nl,unicefnl,upstream,1
minbuza_nl,united_work,upstream,4
minbuza_nl,universiteit_leiden,upstream,3
minbuza_nl,unocha-sdc,upstream,2
minbuza_nl,utz,upstream,1
minbuza_nl,uvw,upstream,1
minbuza_nl,vei_nl,upstream,3
minbuza_nl,vngi,upstream,8
minbuza_nl,w-d,upstream,2
minbuza_nl,wageningen_ur,upstream,10
minbuza_nl,warchildholland,upstream,8
minbuza_nl,waste,upstream,1
minbuza_nl,wayamo,upstream,1
minbuza_nl,wba,upstream,2
minbuza_nl,wecf,upstream,1
minbuza_nl,wemos,upstream,1
minbuza_nl,wf-asia,upstream,1
minbuza_nl,wfaf,upstream,1
minbuza_nl,wff,upstream,1
minbuza_nl,wfp,upstream,2
minbuza_nl,wgnrr_iati,upstream,1
minbuza_nl,wilpf_22,upstream,1
minbuza_nl,win,upstream,2
minbuza_nl,wlrc_aau,upstream,1
minbuza_nl,wo-men,upstream,2
minbuza_nl,world_ywca,upstream,1
minbuza_nl,worldrelief,upstream,1
minbuza_nl,worldveg,upstream,1
minbuza_nl,worldwaternet,upstream,2
minbuza_nl,wpp,upstream,1
minbuza_nl,wvnld,upstream,4
minbuza_nl,ww-gvc,upstream,5
minbuza_nl,wwf-kenya,upstream,1
minbuza_nl,yai-hub,upstream,2
minbuza_nl,yffhsd,upstream,3
minbuza_nl,zoa,upstream,18
mm1,carenederland,upstream,1
mm1,sfcg,upstream,1
mm1,spr,upstream,1
mm1,tear,upstream,1
mml,sddirect,upstream,1
mondiaalfnv,fwf,upstream,1
msi,icwrsa,upstream,1
msi,ippf,upstream,1
msi,irc_inc,upstream,1
msi,lcd_admin,upstream,1
msi,options,upstream,2
nimd-hq,amwa,upstream,2
nimd-hq,awepa,upstream,1
nimd-hq,bltp,upstream,2
nimd-hq,cemi,upstream,2
nimd-hq,gen,upstream,2
nimd-hq,gorin,upstream,2
nimd-hq,igd_benin,upstream,2
nimd-hq,saferworld,upstream,2
nl-kvk-41207989,galz,upstream,3
nl-kvk-41207989,gnpplus,upstream,1
nl-kvk-41207989,isdao,upstream,1
nl-kvk-41207989,sanpud,upstream,1
nl-kvk-41207989,sisonke,upstream,1
nl-kvk-41207989,uhai-eashri,upstream,1
nl_wg,gfcf,upstream,1
nl_wg,kcdf,upstream,1
nl_wg,micfound,upstream,1
nlrc,carenederland,upstream,1
nlrc,cordaid,upstream,1
nlrc,crb-ai_admin,upstream,1
nlrc,wi,upstream,2
norad,ilo,upstream,69
norad,tffus,upstream,1
norad,unhcr,upstream,4
norad,w-d,upstream,1
nrc,acf,upstream,1
nrc,concern_worldwide,upstream,1
nrc,concernuk,upstream,2
nrc,irc_uk,upstream,1
nso,icco-cooperation,upstream,3
nwp,nfp,upstream,1
odakorea,unhcr,upstream,2
odi_sales_ltd,irc_uk,upstream,1
onl,carenederland,upstream,2
onl,cordaid,upstream,3
onl,dai,upstream,1
onl,hc2022,upstream,1
onl,icco-cooperation,upstream,5
onl,oqc,upstream,1
onl,oxfamgb,upstream,70
onl,plannlno,upstream,3
onl,redeenkind,upstream,1
onl,rnw_org,upstream,1
onl,scnl,upstream,2
onl,smex,upstream,1
onl,somo,upstream,2
onl,sosnl,upstream,3
onl,st_vluchteling,upstream,2
onl,tear,upstream,8
onl,twnafrica,upstream,1
onl,wvnld,upstream,3
onl,zoa,upstream,2
open_university,uom,upstream,1
options,aauk,upstream,1
options,sddirect,upstream,2
orbis_international,nnjs_nepal,upstream,1
orbis_international,orbis_africa,upstream,1
orbis_international,orbis_ethiopia,upstream,1
orbis_uk,nnjs_nepal,upstream,1
orbis_uk,orbis_africa,upstream,2
orbis_uk,orbis_ethiopia,upstream,2
orbis_uk,orbis_international,upstream,3
oxfamgb,bond,upstream,1
oxfamgb,concern_worldwide,upstream,1
oxfamgb,onl,upstream,38
pacja,femnet,upstream,1
pacja,onl,upstream,17
palladium,hiuk,upstream,1
palladium,manniondaniels,upstream,1
palladium,sddirect,upstream,1
palladium_eur,lftw-int,upstream,1
pax,arcfge,upstream,1
pax,defenddefenders,upstream,1
pcst,pcst,upstream,1
pegasys-eu,globalcanopy,upstream,1
pegasys-eu,ran,upstream,1
pegasys-eu,rfuk,upstream,1
pegasys-eu,wwf-uk,upstream,1
pin,concernuk,upstream,1
plan_uk,aauk,upstream,1
plan_uk,hiuk,upstream,1
plan_uk,irc_uk,upstream,1
plan_uk,open_university,upstream,3
plannlno,ama-south-sudan,upstream,1
plannlno,amrefeth,upstream,1
plannlno,amrefmw,upstream,1
plannlno,amrefnl,upstream,1
plannlno,cfyas,upstream,1
plannlno,dciecpatnl,upstream,1
plannlno,healthnet,upstream,3
plannlno,kit,upstream,9
plannlno,onl,upstream,2
plannlno,pax,upstream,2
plannlno,rutgers,upstream,1
plannlno,stad,upstream,1
plannlno,tdh_nl,upstream,2
plannlno,zoa,upstream,1
practica,practica,upstream,1
protos,snv,upstream,1
psi,msi,upstream,1
pwc,acu,upstream,4
pwc,britishcouncil,upstream,1
pwc,dcapitalpartners,upstream,1
pwc,inasp,upstream,1
pwc,kingscollegelondon,upstream,1
pwc,mml,upstream,2
pwc,open_university,upstream,1
pwc,pasgr,upstream,1
redeenkind,afsc,upstream,1
restless,ycare,upstream,1
rikolto_belgium,rikolto,upstream,12
rutgers,arcfge,upstream,1
rutgers,cfyas,upstream,3
rutgers,ippf,upstream,2
rutgers,my-ssm,upstream,1
rutgers,norsaac,upstream,1
rutgers,pmo-us,upstream,1
rutgers,rnw_org,upstream,1
rutgers,rutgers,upstream,1
rutgers,simavi,upstream,2
rutgers,sjg,upstream,2
rutgers,stichting_hivos,upstream,1
rvo,akvo,upstream,1
rvo,cabi,upstream,1
rvo,cordaid,upstream,1
rvo,idlo,upstream,1
saferworld,cr,upstream,1
sci,concernuk,upstream,1
scnl,carenederland,upstream,2
scnl,cordaid,upstream,5
scnl,dai,upstream,3
scnl,icco-cooperation,upstream,12
scnl,onl,upstream,20
scnl,plannlno,upstream,8
scnl,populationcouncil,upstream,1
scnl,redeenkind,upstream,1
scnl,simavi,upstream,1
scnl,st_vluchteling,upstream,4
scnl,tdh_nl,upstream,2
scnl,tear,upstream,48
scnl,warchildholland,upstream,6
scnl,wcc,upstream,1
scnl,wvnld,upstream,2
scnl,zoa,upstream,8
scuk,concernuk,upstream,1
scuk,irc_inc,upstream,2
scuk,irc_uk,upstream,6
scuk,sci,upstream,402
sdc_ch,cabi,upstream,1
sdi-int,pphpz,upstream,1
sdi-int,sdi-k,upstream,1
sida,asi,upstream,1
sida,dcaf,upstream,1
sida,f-aids,upstream,1
sida,idlo,upstream,3
sida,ilo,upstream,58
sida,onl,upstream,207
sida,pidg,upstream,1
siharegional,ewla,upstream,1
siharegional,fidauganda,upstream,1
siharegional,musawah,upstream,1
simavi,ads-nyanza,upstream,1
simavi,amrefnl,upstream,3
simavi,ancb_benin,upstream,5
simavi,bnps,upstream,1
simavi,cavwoc,upstream,1
simavi,cini_jhk,upstream,1
simavi,csa-kenya,upstream,1
simavi,dorp-org,upstream,1
simavi,flepuganda,upstream,1
simavi,kmet,upstream,1
simavi,needs,upstream,1
simavi,plannlno,upstream,1
simavi,practica,upstream,3
simavi,rainfoundation,upstream,1
simavi,ruaf,upstream,4
simavi,savsign-org,upstream,1
simavi,simavi,upstream,5
simavi,solidaridad-europe,upstream,1
simavi,stichting_hivos,upstream,1
simavi,vhai-org,upstream,1
simavi,wai,upstream,1
simavi,waste,upstream,1
simavi,wi,upstream,2
snv,cidr,upstream,1
snv,hsi,upstream,1
snv,idh,upstream,1
snv,protos,upstream,1
snv,vngi,upstream,1
solidaridad,bwi,upstream,2
solidaridad,fairfood,upstream,5
solidaridad,trustafrica,upstream,16
solidaridad-europe,solidaridad,upstream,86
solidaridad-europe,solidaridad-ssea,upstream,24
solidaridad-europe,solidaridad-waf,upstream,10
sosnl,cordaid,upstream,4
sosnl,icco-cooperation,upstream,1
sosnl,onl,upstream,3
sosnl,plannlno,upstream,1
sosnl,scnl,upstream,2
sosnl,st_vluchteling,upstream,1
sosnl,tdh_nl,upstream,1
sosnl,tear,upstream,12
sosnl,zoa,upstream,1
ss-org,addinternational,upstream,5
ss-org,hiuk,upstream,1
ss-org,lcd_admin,upstream,1
ss-org,lftw-int,upstream,2
ss-org,sddirect,upstream,1
st_vluchteling,irc_inc,upstream,2
st_vluchteling,plannlno,upstream,1
state,iom,upstream,15
stichting-subsidiegelden-dra,carenederland,upstream,3
stichting-subsidiegelden-dra,cordaid,upstream,2
stichting-subsidiegelden-dra,dai,upstream,2
stichting-subsidiegelden-dra,onl,upstream,41
stichting-subsidiegelden-dra,plannlno,upstream,1
stichting-subsidiegelden-dra,redeenkind,upstream,1
stichting-subsidiegelden-dra,scnl,upstream,7
stichting-subsidiegelden-dra,sosnl,upstream,3
stichting-subsidiegelden-dra,st_vluchteling,upstream,4
stichting-subsidiegelden-dra,tdh_nl,upstream,1
stichting-subsidiegelden-dra,tear,upstream,1
stichting-subsidiegelden-dra,warchildholland,upstream,3
stichting-subsidiegelden-dra,wvnld,upstream,1
stichting-subsidiegelden-dra,zoa,upstream,1
stichting_hivos,fcam,upstream,1
stichting_hivos,femnet,upstream,1
stichting_hivos,marsa_welead,upstream,1
stichting_hivos,pv,upstream,2
stichting_hivos,restless,upstream,1
tccec,mce,upstream,1
tdh_nl,dciecpatnl,upstream,1
tdh_nl,freeagirl,upstream,3
tdh_nl,icco-cooperation,upstream,3
tdh_nl,plannlno,upstream,2
tear,carenederland,upstream,1
tear,scnl,upstream,1
tfac,tfacmalawi,upstream,1
theglobalfund,iom,upstream,1
theglobalfund,undp,upstream,36
traidcraft,fci,upstream,1
undp,idlo,upstream,1
undp,warchildholland,upstream,1
unf,iif,upstream,1
unido,ilo,upstream,3
unocha-cbpf,cordaid,upstream,2
unocha-cbpf,iom,upstream,4
unocha-cbpf,unhcr,upstream,57
unocha-cbpf,warchildholland,upstream,1
unpf,ilo,upstream,158
unpf,iom,upstream,3
unpf,undp,upstream,60
unpf,unhcr,upstream,2
uoe,bpcrs,upstream,1
uoe,icddrb,upstream,1
uoe,ipcrg,upstream,1
uom,iied,upstream,3
usaid,idlo,upstream,1
usaid,ilo,upstream,8
usaid,iom,upstream,169
usaid,itc,upstream,2
usaid,odi,upstream,1
usaid,saferworld,upstream,1
viva,bucksfarm,upstream,1
viva,crane,upstream,1
vso,aasaman,upstream,1
vso,alfalit,upstream,1
vso,anda,upstream,1
vso,gan,upstream,1
vso,hiuk,upstream,1
w-d,csci_benkadi,upstream,1
w-d,pascib_benin,upstream,1
w-d,seco-ong-mali,upstream,1
w-d,spong-burkina,upstream,2
warchildholland,knvb,upstream,1
warchildholland,onl,upstream,6
warchildholland,rtp,upstream,1
warchildholland,scnl,upstream,1
warchildholland,unicefnl,upstream,1
warchildholland,wcc,upstream,1
warchildholland,wclac,upstream,1
warchildholland,wcuk,upstream,4
waste,amrefnl,upstream,2
wemos,amwa,upstream,1
wemos,fawe-rs,upstream,1
wemos,slf,upstream,1
wemos,vso_nl,upstream,1
wnf,amwa,upstream,1
wnf,fundacionavina,upstream,1
wnf,ssn,upstream,1
wnf,stichting_hivos,upstream,1
wnf,wwf-py,upstream,1
wnf,wwf_bolivia,upstream,1
wnf,wwf_id,upstream,1
wnf,wwfbr,upstream,1
wnf,wwfna,upstream,1
wnf,wwfzambia,upstream,1
womankindworld,ewdna2025,upstream,1
womankindworld,fida,upstream,1
womankindworld,fowode,upstream,1
womankindworld,nuwodu,upstream,1
womankindworld,swda,upstream,1
womankindworld,wctc,upstream,1
world_ywca,e_n,upstream,1
world_ywca,f2a,upstream,1
world_ywca,kit,upstream,1
world_ywca,world_ywca,upstream,1
wri,odi,upstream,1
wri,sdsna,upstream,2
wvnld,carenederland,upstream,3
wvnld,cordaid,upstream,1
wvnld,dai,upstream,1
wvnld,icco-cooperation,upstream,2
wvnld,onl,upstream,1
wvnld,scnl,upstream,1
wvnld,st_vluchteling,upstream,3
wvnld,tear,upstream,7
wvnld,warchildholland,upstream,2
wvnld,zoa,upstream,1
wvuk,open_university,upstream,1
wvuk,wv_cd,upstream,14
wvuk,wv_cf,upstream,1
wvuk,wv_et_activities,upstream,5
wygi,lts,upstream,1
zoa,agriterra,upstream,1
zoa,carenederland,upstream,2
zoa,cordaid,upstream,7
zoa,dai,upstream,4
zoa,et-adf-0317,upstream,5
zoa,icco-cooperation,upstream,3
zoa,ida,upstream,1
zoa,leprazending-tlm-nl,upstream,1
zoa,onl,upstream,10
zoa,scnl,upstream,4
zoa,sosnl,upstream,2
zoa,sosss_admin,upstream,1
zoa,st_vluchteling,upstream,2
zoa,syf,upstream,1
zoa,tdh_nl,upstream,3
zoa,tear,upstream,4
zoa,tha,upstream,1
zoa,vngi,upstream,7
zoa,wageningen_ur,upstream,1
zoa,warchildholland,upstream,5
zoa,worldrelief,upstream,1
zoa,wvnld,upstream,3
